<?xml version="1.0" encoding="UTF-8" standalone="yes" ?>
<!--This is Robot_Variable Information-->
<config_information>
    <变量节点 Name="dyn2" Type="DYNAMIC" Range="project2">
        <value Parameter="velAxis:PERCENT">11</value>
        <value Parameter="accAxis:PERCENT">0</value>
        <value Parameter="decAxis:PERCENT">0</value>
        <value Parameter="jerk:PERCENT">0</value>
        <value Parameter="velPath:REAL">0</value>
        <value Parameter="accPath:REAL">0</value>
        <value Parameter="decPath:REAL">0</value>
        <value Parameter="jerkPath:REAL">0</value>
        <value Parameter="velOri:REAL">0</value>
        <value Parameter="accOri:REAL">0</value>
        <value Parameter="decOri:REAL">0</value>
        <value Parameter="jerkOri:REAL">0</value>
    </变量节点>
</config_information>
